{
    "timestamp": "20250527_043700",
    "results": {
        "Random Forest": {
            "metrics": {
                "accuracy": 1.0,
                "precision": 1.0,
                "recall": 1.0,
                "f1": 1.0,
                "cv_mean": 1.0,
                "cv_std": 0.0
            },
            "confusion_matrix": [
                [
                    422,
                    0
                ],
                [
                    0,
                    364
                ]
            ]
        },
        "XGBoost": {
            "metrics": {
                "accuracy": 0.9987277353689568,
                "precision": 0.9987312210254801,
                "recall": 0.9987277353689568,
                "f1": 0.9987278533730866,
                "cv_mean": 1.0,
                "cv_std": 0.0
            },
            "confusion_matrix": [
                [
                    421,
                    1
                ],
                [
                    0,
                    364
                ]
            ]
        },
        "Linear SVC": {
            "metrics": {
                "accuracy": 1.0,
                "precision": 1.0,
                "recall": 1.0,
                "f1": 1.0,
                "cv_mean": 1.0,
                "cv_std": 0.0
            },
            "confusion_matrix": [
                [
                    422,
                    0
                ],
                [
                    0,
                    364
                ]
            ]
        },
        "Gradient Boosting": {
            "metrics": {
                "accuracy": 1.0,
                "precision": 1.0,
                "recall": 1.0,
                "f1": 1.0,
                "cv_mean": 0.9996815286624203,
                "cv_std": 0.0006369426751592576
            },
            "confusion_matrix": [
                [
                    422,
                    0
                ],
                [
                    0,
                    364
                ]
            ]
        }
    }
}